timestamp,simple-path,time
2021-12-09 14:19:08.513,/master/welcome,3430
2021-12-09 14:19:08.943,/master/welcome,400
2021-12-09 14:19:10.225,/master/sign-in,1132
2021-12-09 14:19:11.613,/master/welcome,585
2021-12-09 14:19:14.517,/master/welcome,345
2021-12-09 14:19:15.14,/master/welcome,558
2021-12-09 14:19:15.541,/master/welcome,291
2021-12-09 14:19:15.825,/master/welcome,244
2021-12-09 14:19:16.512,/master/sign-in,560
2021-12-09 14:19:17.565,/master/welcome,580
2021-12-09 14:19:19.018,/officer/duty/create,1182
2021-12-09 14:19:20.43,/officer/duty/create,563
2021-12-09 14:19:21.665,/officer/duty/list,1096
2021-12-09 14:19:22.079,/master/welcome,230
2021-12-09 14:19:22.33,/master/welcome,235
2021-12-09 14:19:22.944,/master/sign-in,553
2021-12-09 14:19:23.956,/master/welcome,560
2021-12-09 14:19:24.736,/officer/duty/create,578
2021-12-09 14:19:25.867,/master/welcome,555
2021-12-09 14:19:26.563,/officer/duty/list,551
2021-12-09 14:19:26.971,/master/welcome,258
2021-12-09 14:19:27.235,/master/welcome,245
2021-12-09 14:19:27.853,/master/sign-in,558
2021-12-09 14:19:28.838,/master/welcome,548
2021-12-09 14:19:29.512,/officer/duty/create,549
2021-12-09 14:19:30.62,/master/welcome,543
2021-12-09 14:19:31.279,/officer/duty/list,555
2021-12-09 14:19:31.648,/master/welcome,266
2021-12-09 14:19:31.886,/master/welcome,224
2021-12-09 14:19:32.506,/master/sign-in,566
2021-12-09 14:19:33.52,/master/welcome,572
2021-12-09 14:19:34.242,/officer/duty/create,546
2021-12-09 14:19:35.501,/master/welcome,559
2021-12-09 14:19:36.173,/officer/duty/list,546
2021-12-09 14:19:36.494,/master/welcome,227
2021-12-09 14:19:36.756,/master/welcome,243
2021-12-09 14:19:37.43,/master/sign-in,607
2021-12-09 14:19:38.443,/master/welcome,545
2021-12-09 14:19:39.166,/officer/duty/create,573
2021-12-09 14:19:40.233,/master/welcome,565
2021-12-09 14:19:41.044,/officer/duty/list,588
2021-12-09 14:19:41.379,/master/welcome,229
2021-12-09 14:19:41.689,/master/welcome,290
2021-12-09 14:19:42.387,/master/sign-in,580
2021-12-09 14:19:43.566,/master/welcome,575
2021-12-09 14:19:44.221,/officer/duty/create,545
2021-12-09 14:19:45.234,/master/welcome,560
2021-12-09 14:19:45.894,/officer/duty/list,534
